modulo_finura,dmax_9_5,dmax_12_5,dmax_19,dmax_25
1.8,1.2,0.8087855297157618,0.40127388535031816,0
2.0,1.5572005383580065,1.2368421052631593,0.8087855297157618,0.40127388535031816
2.2,1.9972375690607622,1.5572005383580065,1.2368421052631593,0.8087855297157618
2.4,2.3888651573401707,1.9972375690607622,1.5572005383580065,1.2368421052631593
2.6,3.0530582166543816,2.3888651573401707,1.9972375690607622,1.5572005383580065
2.8,3.4408602150537657,3.0530582166543816,2.3888651573401707,1.9972375690607622
3.0,3.836920702792213,3.4408602150537657,3.0530582166543816,2.3888651573401707
3.2,4.236486486486469,3.836920702792213,3.4408602150537657,3.0530582166543816
3.4,4.632798573975062,4.236486486486469,3.836920702792213,3.4408602150537657
3.6,5.214582546278802,4.632798573975062,4.236486486486469,3.836920702792213
